279.39%|1.50%|14.99MiB|1000MiB|project-go-rest-1
279.39%|1.50%|14.99MiB|1000MiB|project-go-rest-1
259.13%|1.48%|14.82MiB|1000MiB|project-go-rest-1
259.13%|1.48%|14.82MiB|1000MiB|project-go-rest-1
237.23%|1.49%|14.91MiB|1000MiB|project-go-rest-1
237.23%|1.49%|14.91MiB|1000MiB|project-go-rest-1
254.18%|1.49%|14.91MiB|1000MiB|project-go-rest-1
254.18%|1.49%|14.91MiB|1000MiB|project-go-rest-1
266.00%|1.50%|15.02MiB|1000MiB|project-go-rest-1
266.00%|1.50%|15.02MiB|1000MiB|project-go-rest-1
199.67%|1.50%|14.96MiB|1000MiB|project-go-rest-1
199.67%|1.50%|14.96MiB|1000MiB|project-go-rest-1
250.17%|1.48%|14.78MiB|1000MiB|project-go-rest-1
250.17%|1.48%|14.78MiB|1000MiB|project-go-rest-1
251.09%|1.48%|14.76MiB|1000MiB|project-go-rest-1
251.09%|1.48%|14.76MiB|1000MiB|project-go-rest-1
256.24%|1.48%|14.84MiB|1000MiB|project-go-rest-1
256.24%|1.48%|14.84MiB|1000MiB|project-go-rest-1
259.27%|1.52%|15.16MiB|1000MiB|project-go-rest-1
259.27%|1.52%|15.16MiB|1000MiB|project-go-rest-1
237.10%|1.49%|14.91MiB|1000MiB|project-go-rest-1
237.10%|1.49%|14.91MiB|1000MiB|project-go-rest-1
263.70%|1.48%|14.8MiB|1000MiB|project-go-rest-1
263.70%|1.48%|14.8MiB|1000MiB|project-go-rest-1
257.84%|1.48%|14.83MiB|1000MiB|project-go-rest-1
257.84%|1.48%|14.83MiB|1000MiB|project-go-rest-1
272.68%|1.49%|14.88MiB|1000MiB|project-go-rest-1
272.68%|1.49%|14.88MiB|1000MiB|project-go-rest-1
222.78%|1.50%|14.96MiB|1000MiB|project-go-rest-1
222.78%|1.50%|14.96MiB|1000MiB|project-go-rest-1
228.57%|1.46%|14.61MiB|1000MiB|project-go-rest-1
228.57%|1.46%|14.61MiB|1000MiB|project-go-rest-1
259.04%|1.51%|15.12MiB|1000MiB|project-go-rest-1
259.04%|1.51%|15.12MiB|1000MiB|project-go-rest-1
240.15%|1.49%|14.86MiB|1000MiB|project-go-rest-1
240.15%|1.49%|14.86MiB|1000MiB|project-go-rest-1
258.59%|1.54%|15.41MiB|1000MiB|project-go-rest-1
258.59%|1.54%|15.41MiB|1000MiB|project-go-rest-1
213.15%|1.50%|14.98MiB|1000MiB|project-go-rest-1
213.15%|1.50%|14.98MiB|1000MiB|project-go-rest-1
255.64%|1.52%|15.19MiB|1000MiB|project-go-rest-1
255.64%|1.52%|15.19MiB|1000MiB|project-go-rest-1
227.19%|1.51%|15.14MiB|1000MiB|project-go-rest-1
227.19%|1.51%|15.14MiB|1000MiB|project-go-rest-1
247.83%|1.56%|15.6MiB|1000MiB|project-go-rest-1
247.83%|1.56%|15.6MiB|1000MiB|project-go-rest-1
236.61%|1.54%|15.35MiB|1000MiB|project-go-rest-1
236.61%|1.54%|15.35MiB|1000MiB|project-go-rest-1
216.46%|1.54%|15.36MiB|1000MiB|project-go-rest-1
216.46%|1.54%|15.36MiB|1000MiB|project-go-rest-1
231.47%|1.52%|15.23MiB|1000MiB|project-go-rest-1
231.47%|1.52%|15.23MiB|1000MiB|project-go-rest-1
254.40%|1.53%|15.33MiB|1000MiB|project-go-rest-1
254.40%|1.53%|15.33MiB|1000MiB|project-go-rest-1
268.63%|1.55%|15.48MiB|1000MiB|project-go-rest-1
268.63%|1.55%|15.48MiB|1000MiB|project-go-rest-1
265.04%|1.53%|15.31MiB|1000MiB|project-go-rest-1
265.04%|1.53%|15.31MiB|1000MiB|project-go-rest-1
265.04%|1.53%|15.31MiB|1000MiB|project-go-rest-1
266.21%|1.55%|15.52MiB|1000MiB|project-go-rest-1
266.21%|1.55%|15.52MiB|1000MiB|project-go-rest-1
262.92%|1.55%|15.45MiB|1000MiB|project-go-rest-1
262.92%|1.55%|15.45MiB|1000MiB|project-go-rest-1
268.52%|1.55%|15.53MiB|1000MiB|project-go-rest-1
268.52%|1.55%|15.53MiB|1000MiB|project-go-rest-1
269.40%|1.52%|15.25MiB|1000MiB|project-go-rest-1
269.40%|1.52%|15.25MiB|1000MiB|project-go-rest-1
258.44%|1.42%|14.23MiB|1000MiB|project-go-rest-1
258.44%|1.42%|14.23MiB|1000MiB|project-go-rest-1
234.27%|1.48%|14.79MiB|1000MiB|project-go-rest-1
234.27%|1.48%|14.79MiB|1000MiB|project-go-rest-1
254.01%|1.49%|14.89MiB|1000MiB|project-go-rest-1
254.01%|1.49%|14.89MiB|1000MiB|project-go-rest-1
250.81%|1.52%|15.18MiB|1000MiB|project-go-rest-1
250.81%|1.52%|15.18MiB|1000MiB|project-go-rest-1
270.48%|1.52%|15.24MiB|1000MiB|project-go-rest-1
270.48%|1.52%|15.24MiB|1000MiB|project-go-rest-1